Column,count,mean,median,min,max,range,variance,std_dev,MAD_from_mean,Q1,Q3,IQR,skewness,kurtosis
Quantity,5398,10.060577991848833,3.0,-144.0,1900.0,2044.0,1408.8310526211383,37.53439825841275,10.875938915528799,1.0,11.0,10.0,28.134551506743296,1248.0447916049209
UnitPrice,5398,4.684523897739903,2.1,0.06,2275.54,2275.48,1995.9347444740617,44.67588549177354,4.409201431897231,1.25,4.13,2.88,46.38718886520609,2291.4112621349223
SalesAmount,5398,18.433662467580586,9.75,-2185.04,3285.0,5470.04,5939.033287399096,77.06512367731005,18.869026900031997,3.38,17.700000000000003,14.320000000000004,17.171905214381866,895.5216417449938
